subsektor;komoditas;provinsi;tahun;produktivitas;luas_panen;kluster;silhouette_score_komoditas;prediksi_random_forest_2026;prediksi_xgboost_2026;prediksi_produksi_2026;c1_produksi_aktual_terakhir;c2_luas_panen;c3_produktivitas;c4_prediksi_produksi;c5_prediksi_produktivitas;c6_pertumbuhan_produksi;nilai_topsis;ranking_topsis_global;ranking_topsis_per_komoditas;absolute
Hortikultura;Bawang Merah;Aceh;2026;91,59111111;1422,857778;4;0,351342382;14846,93104;13044,19336;13044,19336;75,79366667;8980,635556;134,4966667;264203,8438;134,4966667;348483,0088;0,013067208;351;2;13044,19336
Hortikultura;Bawang Merah;Bali;2026;292,0122222;1195,626667;3;0,351342382;33478,50579;34999,60156;34999,60156;34923,85567;886,91;102,4355556;16073,89258;102,4355556;-53,97446166;0,003203935;717;21;34999,60156
Hortikultura;Bawang Merah;Banten;2026;60,10333333;172,2022222;4;0,351342382;1306,61423;650,3378906;650,3378906;191219,607;17278,45111;108,45;179399,2188;108,45;-6,181577525;0,013627011;344;6;650,3378906
Hortikultura;Bawang Merah;Bengkulu;2026;63,96111111;121,2977778;4;0,351342382;822,1399881;164,2634125;164,2634125;124,7563333;27,98444444;49,66888889;549,1863403;49,66888889;340,2071828;0,001231238;969;25;164,2634125
Hortikultura;Bawang Merah;Daerah Istimewa Yogyakarta;2026;110,0266667;2892,897778;4;0,351342382;29583,26472;31121,49219;31121,49219;268,3033333;24,93333333;119,5377778;578,9656372;119,5377778;115,7877168;0,002925762;744;10;31121,49219
Hortikultura;Bawang Merah;Daerah Khusus Ibukota Jakarta;2026;35,51777778;1,563333333;4;0,351342382;13,0986;313,5062866;313,5062866;390,6803333;134,8033333;32,10888889;630,4985962;32,10888889;61,38477993;0,000812843;1044;29;313,5062866
Hortikultura;Bawang Merah;Gorontalo;2026;62,65111111;40,1;4;0,351342382;285,63945;542,1107788;542,1107788;16760,06867;4163,143333;3,823352372;21690,43945;3,823352372;29,41736627;0,001690643;907;14;542,1107788
Hortikultura;Bawang Merah;Jambi;2026;81,94666667;1872,966667;4;0,351342382;17370,19091;18323,67188;18323,67188;1501,852333;222,43;6,436926881;627,6984863;6,436926881;-58,20504637;0,000274724;1250;33;18323,67188
Hortikultura;Bawang Merah;Jawa Barat;2026;111,7255556;17011,37556;3;0,351342382;196893,1578;180930,0313;180930,0313;26120,77;1960,41;12,92881077;28001,68359;12,92881077;7,200835174;0,002054043;851;18;180930,0313
Hortikultura;Bawang Merah;Jawa Tengah;2026;108,7555556;49970,72;2;0,351342382;530366,0954;533438,1875;533438,1875;33648,18467;1581,177491;21,42507119;35122,32422;21,42507119;4,381037392;0,002567413;789;3;533438,1875
Hortikultura;Bawang Merah;Jawa Timur;2026;91,98888889;52266,14778;2;0,351342382;503803,258;493780,8438;493780,8438;212,749;12,41617;13,11698922;-306,534668;13,11698922;-244,0827773;0,000360231;1191;22;493780,8438
Hortikultura;Bawang Merah;Kalimantan Barat;2026;22,49666667;25,34333333;4;0,351342382;131,7912833;313,5062866;313,5062866;69200,86667;4387,411111;139,4788889;126482,1094;139,4788889;82,77532561;0,007863552;475;7;313,5062866
Hortikultura;Bawang Merah;Kalimantan Selatan;2026;55,43888889;82,77111111;4;0,351342382;433,5732133;551,6675415;551,6675415;0;0;0;46,97108459;0;0;0,000179914;1290;21;551,6675415
Hortikultura;Bawang Merah;Kalimantan Tengah;2026;34,30111111;18,95111111;4;0,351342382;71,24542105;253,7373505;253,7373505;5329,587333;450,7622222;123,3433333;4939,336914;123,3433333;-7,322338389;0,003052824;732;11;253,7373505
Hortikultura;Bawang Merah;Kalimantan Timur;2026;51,44111111;53,95444444;4;0,351342382;296,8192867;551,6675415;551,6675415;2343,649667;436,7177778;50,85;2110,017822;50,85;-9,968718778;0,001282185;957;30;551,6675415
Hortikultura;Bawang Merah;Kalimantan Utara;2026;144,7544444;5,177777778;3;0,351342382;172,2589;976,2189941;976,2189941;6233,449;473,5222222;126,3233333;5705,770508;126,3233333;-8,465273273;0,003133848;726;15;976,2189941
Hortikultura;Bawang Merah;Kepulauan Bangka Belitung;2026;49,66888889;27,98444444;4;0,351342382;186,7769414;549,1863403;549,1863403;0;0;0;672,9697876;0;0;0,000209287;1281;31;549,1863403
Hortikultura;Bawang Merah;Kepulauan Riau;2026;73,72;7,13;4;0,351342382;93,31063222;164,2634125;164,2634125;13911,41133;1299,716667;10,38287188;13830,73047;10,38287188;-0,57996175;0,001144441;992;19;164,2634125
Hortikultura;Bawang Merah;Lampung;2026;73,42111111;258,8733333;4;0,351342382;2080,252987;713,0581055;713,0581055;33594,45467;2466,886667;16,57703895;37468,51953;16,57703895;11,53185817;0,002651977;775;4;713,0581055
Hortikultura;Bawang Merah;Maluku;2026;28,94888889;201,1177778;4;0,351342382;737,6825533;379,1468811;379,1468811;1824,468667;255,1544444;6,960416855;1698,427856;6,960416855;-6,908357075;0,000326169;1211;23;379,1468811
Hortikultura;Bawang Merah;Maluku Utara;2026;26,84555556;228,4666667;4;0,351342382;715,5635055;379,1468811;379,1468811;151741,8093;671,8585067;243,1242884;173772,5313;243,1242884;14,51855755;0,012746038;361;8;379,1468811
Hortikultura;Bawang Merah;Nusa Tenggara Barat;2026;108,45;17278,45111;3;0,351342382;203264,8407;179399,2188;179399,2188;797,8263333;4,526533333;165,9074586;3396,277832;165,9074586;325,6913679;0,004061506;643;27;179399,2188
Hortikultura;Bawang Merah;Nusa Tenggara Timur;2026;67,66;1407,49;4;0,351342382;10677,55049;9034,587891;9034,587891;15203,651;609,24;24,46596579;15851,68066;24,46596579;4,262329253;0,001345837;948;12;9034,587891
Hortikultura;Bawang Merah;Papua;2026;49,61;69,83333333;4;0,351342382;329,43705;549,1863403;549,1863403;793,5566667;66,75111111;11,64235396;496,6637268;11,64235396;-37,4129476;0,000351162;1194;31;549,1863403
Hortikultura;Bawang Merah;Papua Barat;2026;15,93333333;150,8477778;4;0,351342382;253,3886872;379,1468811;379,1468811;30842,19267;260,469;113,0435818;25442,32813;113,0435818;-17,50804361;0,003453614;691;16;379,1468811
Hortikultura;Bawang Merah;Riau;2026;50,36888889;56,31444444;4;0,351342382;310,0008;549,1863403;549,1863403;161012,8347;16950,15667;9,917223088;184951,9844;9,917223088;14,86785184;0,012481617;365;1;549,1863403
Hortikultura;Bawang Merah;Sulawesi Barat;2026;18,93444444;506,5666667;4;0,351342382;1132,115105;559,3101196;559,3101196;13078,40933;1385,858889;9,746747744;14703,25488;9,746747744;12,42387746;0,001150526;991;20;559,3101196
Hortikultura;Bawang Merah;Sulawesi Selatan;2026;124,4222222;17193,17;3;0,351342382;214987,597;218977,1719;218977,1719;13518,55733;111,9431667;228,3665691;18279,15234;228,3665691;35,21525924;0,005703107;560;5;218977,1719
Hortikultura;Bawang Merah;Sulawesi Tengah;2026;56,98;576,6422222;4;0,351342382;4164,19589;2730,801758;2730,801758;4545,437667;86,17866667;56,2196461;4069,803711;56,2196461;-10,46398588;0,00144147;935;24;2730,801758
Hortikultura;Bawang Merah;Sulawesi Tenggara;2026;30,03444444;204,9522222;4;0,351342382;708,5941322;379,1468811;379,1468811;3979,496;251,4244444;158,6788889;5086,645508;158,6788889;27,82134994;0,003899807;656;9;379,1468811
Hortikultura;Bawang Merah;Sulawesi Utara;2026;51,6;619,9666667;4;0,351342382;3811,969347;2811,586426;2811,586426;5692,321667;863,0433333;68,08777778;6337,539551;68,08777778;11,33488095;0,001763147;897;28;2811,586426
Hortikultura;Bawang Merah;Sumatera Barat;2026;152,8944444;15012,49333;3;0,351342382;215828,775;228265,3594;228265,3594;5200,987333;343,8955556;146,3088889;4610,080078;146,3088889;-11,36144384;0,003602986;675;13;228265,3594
Hortikultura;Bawang Merah;Sumatera Selatan;2026;72,99222222;145,6911111;4;0,351342382;1151,076122;306,7961731;306,7961731;4218,359;1188,822222;35,79777778;4512,350098;35,79777778;6,969323798;0,001010432;1018;32;306,7961731
Hortikultura;Bawang Merah;Sumatera Utara;2026;151,64;4097,752222;3;0,351342382;62182,92929;66230,53906;66230,53906;173,65;34,05555556;46,24;1103,999146;46,24;535,7610973;0,001153644;988;17;66230,53906
Hortikultura;Durian;Aceh;2026;16,31710304;3958,363333;2;0,297046471;70127,77395;65525,76563;65525,76563;47356,74933;3648,94;236,2644444;126403,7266;236,2644444;166,918081;0,008753379;447;5;65525,76563
Hortikultura;Durian;Bali;2026;17,16637062;2129,69;2;0,297046471;39933,69939;35802,70313;35802,70313;499,2013333;497,3344444;122,1366667;5544,39209;122,1366667;1010,6525;0,003015967;738;24;35802,70313
Hortikultura;Durian;Banten;2026;19,51316386;3961,826667;2;0,297046471;73550,9831;68595,20313;68595,20313;119,28;5,177777778;144,7544444;976,2189941;144,7544444;718,4263868;0,003539579;681;9;68595,20313
Hortikultura;Durian;Bengkulu;2026;13,14532703;1542,886667;2;0,297046471;21606,74671;24326,80859;24326,80859;76,80333333;18,95111111;34,30111111;253,7373505;34,30111111;230,372836;0,000859991;1039;28;24326,80859
Hortikultura;Durian;Daerah Istimewa Yogyakarta;2026;5,780880232;1987,243333;1;0,297046471;11944,85341;9671,855469;9671,855469;1543,284333;152,02;102,0555556;435,5550232;102,0555556;-71,77739618;0,00250192;798;13;9671,855469
Hortikultura;Durian;Daerah Khusus Ibukota Jakarta;2026;12,20931779;21,12666667;2;0,297046471;279,7448584;578,0314331;578,0314331;22,35666667;9,871111111;18,02333333;564,8580322;18,02333333;2426,575364;0,000485876;1131;32;578,0314331
Hortikultura;Durian;Gorontalo;2026;18,90082396;308,98;2;0,297046471;5520,632422;4158,109375;4158,109375;13414,64067;1734,773333;6,472595709;12008,3584;6,472595709;-10,48318999;0,001074797;1006;17;4158,109375
Hortikultura;Durian;Jambi;2026;16,26522328;2026,016667;2;0,297046471;31492,99994;29802,96875;29802,96875;190735,36;15763,35;12,36961078;181607,2031;12,36961078;-4,785770648;0,013338741;345;2;29802,96875
Hortikultura;Durian;Jawa Barat;2026;11,14083313;12132,06;4;0,297046471;131274,3307;140432,5313;140432,5313;17941,71;1323,083333;12,05600769;15070,46191;12,05600769;-16,00320196;0,001327032;951;21;140432,5313
Hortikultura;Durian;Jawa Tengah;2026;12,36961078;15763,35;3;0,297046471;190699,2672;181607,2031;181607,2031;620,6323333;8,785261111;69,46601315;423,9888916;69,46601315;-31,6843695;0,001709403;903;6;181607,2031
Hortikultura;Durian;Jawa Timur;2026;24,38255575;21350,49667;3;0,297046471;528366,1201;514282,1563;514282,1563;40,115;3,178647778;10,34112492;794,8287964;10,34112492;1881,375536;0,000332013;1206;25;514282,1563
Hortikultura;Durian;Kalimantan Barat;2026;13,39896216;3300,81;2;0,297046471;45652,78421;39728,03125;39728,03125;3593;251,8888889;138,7344444;1819,61731;138,7344444;-49,35660146;0,003401834;698;10;39728,03125
Hortikultura;Durian;Kalimantan Selatan;2026;13,4831641;2594,12;2;0,297046471;32365,57308;34216,13281;34216,13281;0;0;0;46,97108459;0;0;0,000179914;1290;21;34216,13281
Hortikultura;Durian;Kalimantan Tengah;2026;7,75651845;1253;1;0,297046471;10432,72876;8676,236328;8676,236328;13629,221;1224,124444;105,6977778;12384,96875;105,6977778;-9,129298366;0,002788988;756;14;8676,236328
Hortikultura;Durian;Kalimantan Timur;2026;9,54188135;1499,493333;1;0,297046471;15672,72344;14661,35645;14661,35645;2438,696667;639,7966667;38,15555556;2156,816162;38,15555556;-11,55865378;0,000990083;1022;33;14661,35645
Hortikultura;Durian;Kalimantan Utara;2026;11,96131828;536,0833333;2;0,297046471;6749,853819;5792,318359;5792,318359;3,92;1,8;83,72222222;23,11128235;83,72222222;489,5735293;0,002053258;852;18;5792,318359
Hortikultura;Durian;Kepulauan Bangka Belitung;2026;8,366436755;708,0366667;1;0,297046471;6605,144704;5035,03418;5035,03418;452645,4963;35685,28667;12,70000902;470556,8125;12,70000902;3,957029577;0,032534542;138;3;5035,03418
Hortikultura;Durian;Kepulauan Riau;2026;16,96960806;427,4166667;2;0,297046471;6240,22967;5860,513672;5860,513672;6920,921;384,5133333;18,69939532;6374,928711;18,69939532;-7,889012012;0,000751447;1055;22;5860,513672
Hortikultura;Durian;Lampung;2026;16,73999152;3177,313333;2;0,297046471;53667,79074;47576,49609;47576,49609;15399,458;1552,901111;9,672571357;18097,84961;9,672571357;17,52264014;0,001346501;946;7;47576,49609
Hortikultura;Durian;Maluku;2026;13,36305886;460,5833333;2;0,297046471;7879,923155;5815;5815;35,636;7,231111111;7,223337942;442,4090576;7,223337942;1141,466656;0,000265753;1255;26;5815
Hortikultura;Durian;Maluku Utara;2026;39,88822692;232,7033333;2;0,297046471;8901,668456;7946,166016;7946,166016;105389,3653;998,9701111;120,1062419;111611,1953;120,1062419;5,903660165;0,008128161;464;11;7946,166016
Hortikultura;Durian;Nusa Tenggara Barat;2026;22,21808132;1622,536667;2;0,297046471;33385,74614;35122,32422;35122,32422;4125,899667;44,05171111;103,3142297;5765,531738;103,3142297;39,73998895;0,002571535;786;30;35122,32422
Hortikultura;Durian;Nusa Tenggara Timur;2026;11,51725347;382,6333333;2;0,297046471;4686,940446;3023,611084;3023,611084;13057,61267;1423,203333;9,956239435;14884,78809;9,956239435;13,99318134;0,00115928;986;15;3023,611084
Hortikultura;Durian;Papua;2026;8,204308874;84,65;1;0,297046471;685,0888145;442,4090576;442,4090576;524,9713333;94,88333333;5,500691694;291,8822021;5,500691694;-44,40035415;0,000236256;1272;34;442,4090576
Hortikultura;Durian;Papua Barat;2026;21,82102919;175,7433333;2;0,297046471;4223,856059;2738,119141;2738,119141;31934,83367;331,9036667;98,69989739;24803,31836;98,69989739;-22,33146219;0,003195738;719;19;2738,119141
Hortikultura;Durian;Riau;2026;12,92881077;1960,41;2;0,297046471;25308,41616;28001,68359;28001,68359;45572,988;6900,995556;6,832024669;56248,14844;6,832024669;23,42431538;0,003897121;657;4;28001,68359
Hortikultura;Durian;Sulawesi Barat;2026;18,15246681;1936,186667;2;0,297046471;34018,86575;33259,44922;33259,44922;7795,492;745,8833333;11,24205457;7943,774414;11,24205457;1,902155939;0,000745753;1057;23;33259,44922
Hortikultura;Durian;Sulawesi Selatan;2026;14,16823636;6610,46;4;0,297046471;96289,47564;94872,01563;94872,01563;28,64;0,477333333;156,4260308;847,5982056;156,4260308;2859,490941;0,003822656;660;8;94872,01563
Hortikultura;Durian;Sulawesi Tengah;2026;15,75434178;4392,92;2;0,297046471;68265,00266;68551,78125;68551,78125;120,0466667;2,112;50,58182112;856,4996338;50,58182112;613,4722334;0,00125564;961;27;68551,78125
Hortikultura;Durian;Sulawesi Tenggara;2026;12,05600769;1323,083333;2;0,297046471;17047,34174;15070,46191;15070,46191;2219,687667;152,7977778;149,85;3588,242432;149,85;61,65528536;0,003675076;674;12;15070,46191
Hortikultura;Durian;Sulawesi Utara;2026;13,88923042;1804,66;2;0,297046471;50427,63041;29165,66992;29165,66992;5304,420333;899,7155556;57,66555556;6752,262207;57,66555556;27,29500648;0,001528689;927;31;29165,66992
Hortikultura;Durian;Sumatera Barat;2026;16,84435466;5168,016667;4;0,297046471;159559,3856;111861,0938;111861,0938;16304,05133;1251,488889;127,2977778;16859,60547;127,2977778;3,407460662;0,003368289;702;16;111861,0938
Hortikultura;Durian;Sumatera Selatan;2026;11,16376286;5509,353333;4;0,297046471;72263,43729;62757,57031;62757,57031;156110,4967;7479,946667;211,3377778;191036,9844;211,3377778;22,37292716;0,013186512;350;1;62757,57031
Hortikultura;Durian;Sumatera Utara;2026;17,41013235;6527,903333;4;0,297046471;128351,923;124227,9141;124227,9141;1,666666667;0,055555556;11,11111111;619,7144165;11,11111111;37082,86499;0,000341535;1201;20;124227,9141
Hortikultura;Tomat;Aceh;2026;194,4766667;629,3155556;4;0,397771496;13683,22208;13324,78516;13324,78516;89,76666667;752,6355556;145,4244444;4348,259277;145,4244444;4743,957606;0,003573;679;18;13324,78516
Hortikultura;Tomat;Bali;2026;146,3088889;343,8955556;2;0,397771496;5247,486489;4610,080078;4610,080078;224003,8363;15012,49333;152,8944444;228265,3594;152,8944444;1,902433062;0,016381671;290;3;4610,080078
Hortikultura;Tomat;Banten;2026;56,75444444;120,5355556;2;0,397771496;1227,605988;1540,952026;1540,952026;3641,094333;619,9666667;51,6;2811,586426;51,6;-22,78182963;0,001317938;954;22;1540,952026
Hortikultura;Tomat;Bengkulu;2026;108,7222222;3240,176667;4;0,397771496;39383,07986;42034,36328;42034,36328;28490,81;2718,534444;110,1777778;35084,14063;110,1777778;23,14195569;0,003597312;676;7;42034,36328
Hortikultura;Tomat;Daerah Istimewa Yogyakarta;2026;89,34666667;124,3944444;2;0,397771496;1280,365611;1075,113281;1075,113281;98,13333333;20,74444444;45,65111111;921,1793213;45,65111111;838,701754;0,001137812;994;26;1075,113281
Hortikultura;Tomat;Daerah Khusus Ibukota Jakarta;2026;15,57;0,948888889;2;0,397771496;3,68325;1257,276611;1257,276611;23299,201;3107,098889;7,379715483;24911,42578;7,379715483;6,91965695;0,001903025;872;11;1257,276611
Hortikultura;Tomat;Gorontalo;2026;94,11444444;592,1977778;2;0,397771496;5842,132446;4694,748047;4694,748047;3280,601667;377,3544444;8,151535565;2459,907471;8,151535565;-25,0165756;0,00039863;1172;30;4694,748047
Hortikultura;Tomat;Jambi;2026;412,3377778;1235,397778;4;0,397771496;57127,42702;43730,44531;43730,44531;32504,79;1936,186667;18,15246681;33259,44922;18,15246681;2,321686185;0,002461977;804;15;43730,44531
Hortikultura;Tomat;Jawa Barat;2026;275,9255556;9682,228889;1;0,397771496;268958,845;291430,4375;291430,4375;422,62;84,65;8,204308874;442,4090576;8,204308874;4,682470687;0,000283593;1245;34;291430,4375
Hortikultura;Tomat;Jawa Tengah;2026;194,9933333;5002,018889;4;0,397771496;106168,8315;101560,6563;101560,6563;16,72;1,296956667;13,84939503;460,9784546;13,84939503;2657,048173;0,000393088;1174;19;101560,6563
Hortikultura;Tomat;Jawa Timur;2026;214,5744444;5036,136667;4;0,397771496;107744,2598;138557,3125;138557,3125;169580,74;8984,777778;182,1711111;216918,3906;182,1711111;27,91452061;0,014238461;332;4;138557,3125
Hortikultura;Tomat;Kalimantan Barat;2026;38,03888889;757,8733333;2;0,397771496;3095,560456;2894,749268;2894,749268;0;0;0;46,97108459;0;0;0,000179914;1290;21;2894,749268
Hortikultura;Tomat;Kalimantan Selatan;2026;62,77777778;790,0166667;2;0,397771496;5076,760863;5035,881348;5035,881348;18805,294;1655,717778;114,8511111;24239,91797;114,8511111;28,89943634;0,0032579;711;8;5035,881348
Hortikultura;Tomat;Kalimantan Tengah;2026;84,78333333;345,6444444;2;0,397771496;3047,075544;2530,00415;2530,00415;2089,708667;321,0922222;60,28444444;1778,210693;60,28444444;-14,9062871;0,00150171;929;27;2530,00415
Hortikultura;Tomat;Kalimantan Timur;2026;101,6866667;683,5566667;2;0,397771496;7446,091856;7129,414063;7129,414063;3879,31;212,8888889;180,0066667;4990,888184;180,0066667;28,65401795;0,004414424;626;12;7129,414063
Hortikultura;Tomat;Kalimantan Utara;2026;390,3777778;255,4466667;4;0,397771496;11936,88403;14966,46582;14966,46582;0;0;0;672,9697876;0;0;0,000209287;1281;31;14966,46582
Hortikultura;Tomat;Kepulauan Bangka Belitung;2026;137,7011111;112,5755556;2;0,397771496;2766,636879;1229,659912;1229,659912;17580,973;2833,643333;6,89641347;19935,01563;6,89641347;13,38971754;0,001543249;925;16;1229,659912
Hortikultura;Tomat;Kepulauan Riau;2026;89,30666667;19,20222222;2;0,397771496;214,4055011;1109,081665;1109,081665;83770,71333;9617,314444;10,22262241;106092,9141;10,22262241;26,64678363;0,006944756;509;1;1109,081665
Hortikultura;Tomat;Lampung;2026;132,2066667;1286,471111;2;0,397771496;18837,88348;16999,66016;16999,66016;2993,046667;717,6166667;3,943699607;2138,252197;3,943699607;-28,55934319;0,000361043;1190;20;16999,66016
Hortikultura;Tomat;Maluku;2026;58,32;561,1355556;2;0,397771496;4486,652014;3395,774658;3395,774658;295263,2657;2511,814329;112,0003749;343004,125;112,0003749;16,16891259;0,022120885;215;5;3395,774658
Hortikultura;Tomat;Maluku Utara;2026;102,6355556;842,9166667;2;0,397771496;8472,805932;8287,206055;8287,206055;16799,11767;85,51000444;188,1294566;20016,30664;188,1294566;19,15094017;0,004798768;599;24;8287,206055
Hortikultura;Tomat;Nusa Tenggara Barat;2026;178,6877778;1654,478889;4;0,397771496;38620,83129;31156;31156;20008,63267;2351,89;8,237439697;20588,9668;8,237439697;2,900418734;0,00161052;914;9;31156
Hortikultura;Tomat;Nusa Tenggara Timur;2026;90,06444444;1132,466667;2;0,397771496;10144,6371;9114,574219;9114,574219;2469,891667;165,79;13,70388548;1940,266235;13,70388548;-21,44326565;0,00044864;1147;28;9114,574219
Hortikultura;Tomat;Papua;2026;75,81;358,7655556;2;0,397771496;3194,777931;3094,719727;3094,719727;1095,641333;7,184444444;159,1709972;1740,630981;159,1709972;58,86868526;0,003892442;658;13;3094,719727
Hortikultura;Tomat;Papua Barat;2026;92,41444444;299,6166667;2;0,397771496;3278,456298;3094,719727;3094,719727;1517,400667;20,683;68,38972631;1164,625;68,38972631;-23,24868273;0,001689248;908;32;3094,719727
Hortikultura;Tomat;Riau;2026;44,73222222;55,46777778;2;0,397771496;269,2653222;1502,658325;1502,658325;9685,048;189,2844444;44,71324312;7904,928711;44,71324312;-18,38007709;0,001317854;955;17;1502,658325
Hortikultura;Tomat;Sulawesi Barat;2026;5,246666667;4579,41;2;0,397771496;3835,52312;13213,02148;13213,02148;356595,0823;10541,77083;29,96362496;412356,8125;29,96362496;15,63726841;0,026491248;180;2;13213,02148
Hortikultura;Tomat;Sulawesi Selatan;2026;169,6433333;4676,516667;4;0,397771496;80762,18719;77506,39844;77506,39844;1401,310333;20,22583333;69,99895966;629,1049805;69,99895966;-55,10594866;0,001724659;902;21;77506,39844
Hortikultura;Tomat;Sulawesi Tengah;2026;127,2977778;1251,488889;2;0,397771496;19374,39575;16859,60547;16859,60547;7446,016333;441,9066667;163,3233333;8587,930664;163,3233333;15,33590956;0,004046011;646;6;16859,60547
Hortikultura;Tomat;Sulawesi Tenggara;2026;35,79777778;1188,822222;2;0,397771496;4192,765049;4512,350098;4512,350098;881,5606667;105,6444444;79,29111111;1749,380249;79,29111111;98,44127752;0,001955432;866;25;4512,350098
Hortikultura;Tomat;Sulawesi Utara;2026;205,7133333;2396,226667;4;0,397771496;83181,35766;51574,3125;51574,3125;32176,468;1654,478889;178,6877778;31156;178,6877778;-3,171473016;0,004944831;588;10;51574,3125
Hortikultura;Tomat;Sumatera Barat;2026;241,4533333;3969,752222;4;0,397771496;129651,0259;105676,8438;105676,8438;994,9566667;120,5355556;56,75444444;1540,952026;56,75444444;54,87629542;0,001410826;940;29;105676,8438
Hortikultura;Tomat;Sumatera Selatan;2026;110,5133333;719,9255556;2;0,397771496;13346,1726;8287,206055;8287,206055;1663,696667;163,1111111;115,1744444;1219,908691;115,1744444;-26,67481303;0,002823656;753;14;8287,206055
Hortikultura;Tomat;Sumatera Utara;2026;324,7622222;6368,233333;1;0,397771496;243793,7608;220147,25;220147,25;0,183333333;0,444444444;2,444444444;-487,1121826;2,444444444;-265797,5542;0,00016601;1296;25;220147,25
Pangan;Jagung;Aceh;2026;54,54570548;10091,45667;1;0,347970864;47163,47718;51274,29688;51274,29688;65925;14515,55556;7134,555556;66963,14063;7134,555556;1,574729807;0,152312385;31;1;51274,29688
Pangan;Jagung;Bali;2026;50,82406912;8142,26;1;0,347970864;39280,6346;37913,75391;37913,75391;417;396,8888889;1873,555556;2318,054932;1873,555556;455,8884728;0,044217668;101;8;37913,75391
Pangan;Jagung;Banten;2026;63,41042601;2225,423333;1;0,347970864;19524,62146;14631,56836;14631,56836;919,3333333;1422,666667;903,3333333;830,019165;903,3333333;-9,7151017;0,021731436;219;15;14631,56836
Pangan;Jagung;Bengkulu;2026;63,81349808;9402,616667;1;0,347970864;63568,38607;64667,84375;64667,84375;1364,666667;3202,666667;573,1111111;1268,629028;573,1111111;-7,037442966;0,013894142;339;22;64667,84375
Pangan;Jagung;Daerah Istimewa Yogyakarta;2026;51,81251167;39710,12667;1;0,347970864;208488,8494;212136,7344;212136,7344;0,333333333;23,44444444;30,88888889;-471,4061279;30,88888889;-141521,8384;0,000771283;1051;29;212136,7344
Pangan;Jagung;Daerah Khusus Ibukota Jakarta;2026;0;0;2;0,347970864;0;27,72760391;27,72760391;23516,33333;77337,88889;441,1111111;26743,58008;441,1111111;13,7234266;0,018950028;250;2;27,72760391
Pangan;Jagung;Gorontalo;2026;48,3436174;124368,32;1;0,347970864;631955,1545;640621,5625;640621,5625;8357,666667;33926,11111;453,1111111;8274,142578;453,1111111;-0,999370899;0,012970729;353;9;640621,5625
Pangan;Jagung;Jambi;2026;63,11040367;2267,82;1;0,347970864;23955,43729;18091,71289;18091,71289;4540,666667;26368,44444;364,8888889;4939,720215;364,8888889;8,788435212;0,010352015;413;16;18091,71289
Pangan;Jagung;Jawa Barat;2026;73,5155678;87853,79667;1;0,347970864;638991,596;715925,1875;715925,1875;83;379,1111111;365,1111111;-787,4728394;365,1111111;-1048,762457;0,008873881;442;23;715925,1875
Pangan;Jagung;Jawa Tengah;2026;59,33053744;412582,59;3;0,347970864;2699953,547;2410449,25;2410449,25;208;2843,777778;185,3333333;1144,724854;185,3333333;450,3484873;0,004562676;614;30;2410449,25
Pangan;Jagung;Jawa Timur;2026;61,9455265;752228,9633;4;0,347970864;4596804,741;4734791;4734791;14698;29268,11111;742,7777778;12715,50586;742,7777778;-13,48818983;0,018935859;251;3;4734791
Pangan;Jagung;Kalimantan Barat;2026;47,78108809;22956,38;1;0,347970864;169986,7024;130867,7656;130867,7656;3,333333333;104,4444444;452,4444444;-835,9613647;452,4444444;-25178,84094;0,010976644;401;10;130867,7656
Pangan;Jagung;Kalimantan Selatan;2026;60,21507309;21030,94;1;0,347970864;170437,7695;140152,2031;140152,2031;316,3333333;341,6666667;232,5555556;-787,4728394;232,5555556;-348,9376731;0,005667894;561;17;140152,2031
Pangan;Jagung;Kalimantan Tengah;2026;46,39470769;8148,196667;1;0,347970864;49591,86509;46668,51563;46668,51563;0;0;0;-448,2593994;0;0;0,000156684;1302;22;46668,51563
Pangan;Jagung;Kalimantan Timur;2026;50,6582943;1631,543333;1;0,347970864;12677,50761;8644,708984;8644,708984;0;0;0;-448,2593994;0;0;0,000156684;1302;22;8644,708984
Pangan;Jagung;Kalimantan Utara;2026;49,57031942;477,4833333;1;0,347970864;4935,733834;2071,069824;2071,069824;68023,33333;141359,8889;796,4444444;66049,44531;796,4444444;-2,901780792;0,034542908;133;4;2071,069824
Pangan;Jagung;Kepulauan Bangka Belitung;2026;25,84731183;377,0833333;1;0,347970864;3199,698927;747,8077393;747,8077393;35361,33333;63054,66667;789,5555556;52692,45313;789,5555556;49,01149973;0,023142326;205;11;747,8077393
Pangan;Jagung;Kepulauan Riau;2026;49,43639291;3,356666667;1;0,347970864;20,98396558;-143,5839539;143,5839539;7469;22189,88889;675,4444444;8762,427734;675,4444444;17,31728122;0,01696226;276;18;143,5839539
Pangan;Jagung;Lampung;2026;65,43760462;176906,7733;3;0,347970864;1220199,615;1243259;1243259;1413;4438;528,1111111;2347,782471;528,1111111;66,15587195;0,012835005;357;25;1243259
Pangan;Jagung;Maluku;2026;30,91593678;2408,04;1;0,347970864;6490,572369;7802,28125;7802,28125;746,3333333;4197,555556;359,5555556;1373,667847;359,5555556;84,05553997;0,008786753;445;32;7802,28125
Pangan;Jagung;Maluku Utara;2026;37,52880511;1363,843333;1;0,347970864;4648,720853;3871,447021;3871,447021;1072,333333;6408,555556;330;1452,395386;330;35,44252898;0,008136813;463;5;3871,447021
Pangan;Jagung;Nusa Tenggara Barat;2026;69,68935259;175292,6667;3;0,347970864;1252946,062;1224617,125;1224617,125;21;103,1111111;265,4444444;-2983,097168;265,4444444;-14305,22461;0,006462479;532;12;1224617,125
Pangan;Jagung;Nusa Tenggara Timur;2026;26,46213854;108281,3633;1;0,347970864;354002,1781;319964,0313;319964,0313;122,6666667;776,6666667;186,8888889;-569,5523682;186,8888889;-564,3089958;0,004562564;615;19;319964,0313
Pangan;Jagung;Papua;2026;27,49839245;757,3333333;2;0,347970864;2646,380079;964,8259277;964,8259277;0;0;0;-448,2593994;0;0;0,000156684;1302;25;964,8259277
Pangan;Jagung;Papua Barat;2026;46,71794689;590,3333333;1;0,347970864;2156,748781;932,5543213;932,5543213;0;0,666666667;0;-452,0211792;0;0;0,000156507;1306;27;932,5543213
Pangan;Jagung;Riau;2026;36,62278308;513,7833333;1;0,347970864;3989,230998;791,7526855;791,7526855;197542,6667;227234,2222;1415,222222;206203,5156;1415,222222;4,384292824;0,058411749;77;6;791,7526855
Pangan;Jagung;Sulawesi Barat;2026;50,83885543;5454,363333;1;0,347970864;35171,90014;28523,74805;28523,74805;111653;116531,2222;995,3333333;109637,6953;995,3333333;-1,804971373;0,034413653;134;13;28523,74805
Pangan;Jagung;Sulawesi Selatan;2026;59,54202752;192845,2833;3;0,347970864;1233478,212;1196816;1196816;3666,333333;8303,222222;843,4444444;3061,114258;843,4444444;-16,50747547;0,020401274;236;20;1196816
Pangan;Jagung;Sulawesi Tengah;2026;43,56907235;18402,89333;1;0,347970864;83038,35001;76930,38281;76930,38281;0;0;0;-448,2593994;0;0;0,000156684;1302;26;76930,38281
Pangan;Jagung;Sulawesi Tenggara;2026;37,85828298;17911,53;1;0,347970864;55169,46448;62369,76953;62369,76953;0;0;0;-448,2593994;0;0;0,000156684;1302;26;62369,76953
Pangan;Jagung;Sulawesi Utara;2026;37,15923741;27241,06667;1;0,347970864;127484,833;102716,5625;102716,5625;37;107,2222222;728,5555556;1961,731567;728,5555556;5201,977209;0,01758291;267;7;102716,5625
Pangan;Jagung;Sumatera Barat;2026;62,70816148;83109,25667;1;0,347970864;532195,5375;557523,125;557523,125;5,666666667;72,77777778;123,5555556;-680,142334;123,5555556;-12102,51178;0,003019904;737;14;557523,125
Pangan;Jagung;Sumatera Selatan;2026;63,89452378;53285,64;1;0,347970864;365602,602;393821,7813;393821,7813;0;0;0;-448,2593994;0;0;0,000156684;1302;17;393821,7813
Pangan;Jagung;Sumatera Utara;2026;63,90102037;208433,7867;3;0,347970864;1295390,757;1334833,25;1334833,25;0;0;0;-448,2593994;0;0;0,000156684;1302;17;1334833,25
Pangan;Ketela Pohon;Aceh;2026;312,716136;1057;4;0,438814965;38657,24755;25951,80273;25951,80273;1349,333333;1869,222222;1977,333333;1306,214111;1977,333333;-3,195594516;0,046582239;94;5;25951,80273
Pangan;Ketela Pohon;Bali;2026;138,9166573;3510,666667;4;0,438814965;46375,32393;36315,83203;36315,83203;47,33333333;59,11111111;1372,666667;-784,234375;1372,666667;-1756,833187;0,032710354;137;12;36315,83203
Pangan;Ketela Pohon;Banten;2026;268,6834176;1800,666667;4;0,438814965;50491,6166;38836,70703;38836,70703;915;2077,222222;635,4444444;936,9611816;635,4444444;2,400129141;0,015372836;310;19;38836,70703
Pangan;Ketela Pohon;Bengkulu;2026;274,4455556;1016,333333;4;0,438814965;27537,98726;23106,56445;23106,56445;37,33333333;181,7777778;166,2222222;-621,3949585;166,2222222;-1764,450782;0,004057592;644;26;23106,56445
Pangan;Ketela Pohon;Daerah Istimewa Yogyakarta;2026;194,5946496;44692,66667;4;0,438814965;833145,3194;790611,875;790611,875;0;8;0;-518,7606201;0;0;0,000153386;1313;31;790611,875
Pangan;Ketela Pohon;Daerah Khusus Ibukota Jakarta;2026;0;0;1;0,438814965;65,48;6857,53418;6857,53418;5792;25276;602,5555556;5829,490723;602,5555556;0,647284576;0,015472483;306;6;6857,53418
Pangan;Ketela Pohon;Gorontalo;2026;238,9078388;95,33333333;4;0,438814965;3304,94345;8664,201172;8664,201172;2175,666667;9920;432;1854,275757;432;-14,77206572;0,010686785;406;13;8664,201172
Pangan;Ketela Pohon;Jambi;2026;337,7943973;1414,666667;4;0,438814965;38201,91853;33150,92578;33150,92578;766,3333333;3109,333333;385,2222222;1183,827026;385,2222222;54,47938578;0,009384932;432;20;33150,92578
Pangan;Ketela Pohon;Jawa Barat;2026;297,5165867;41054,66667;4;0,438814965;1205616,776;1148451;1148451;28,66666667;191;280,3333333;-932,1795654;280,3333333;-3351,789182;0,006824645;517;27;1148451
Pangan;Ketela Pohon;Jawa Tengah;2026;300,9557551;79986,66667;4;0,438814965;2235055,533;2196837;2196837;0;5,333333333;0;-518,7606201;0;0;0,000153381;1314;33;2196837
Pangan;Ketela Pohon;Jawa Timur;2026;235,1453694;62534;4;0,438814965;1320265,777;1271815,875;1271815,875;8962;34631,33333;399,5555556;8383,216797;399,5555556;-6,458192403;0,011975835;378;7;1271815,875
Pangan;Ketela Pohon;Kalimantan Barat;2026;243,5613008;5027;4;0,438814965;126765,9633;105473,6875;105473,6875;2015,333333;12832;258,5555556;3336,884033;258,5555556;65,5747949;0,006819159;518;14;105473,6875
Pangan;Ketela Pohon;Kalimantan Selatan;2026;333,8342976;967,6666667;4;0,438814965;27684,94192;22964,18164;22964,18164;0;133,3333333;0;-452,0211792;0;0;0,000158798;1298;21;22964,18164
Pangan;Ketela Pohon;Kalimantan Tengah;2026;293,0764103;1286,333333;4;0,438814965;33480,02188;28493,23438;28493,23438;0;0;0;-448,2593994;0;0;0,000156684;1302;22;28493,23438
Pangan;Ketela Pohon;Kalimantan Timur;2026;300,4125621;1713,666667;4;0,438814965;46304,1245;40121,23047;40121,23047;127323;268031;708,5555556;126917,4922;708,5555556;-0,318487479;0,056739527;78;1;40121,23047
Pangan;Ketela Pohon;Kalimantan Utara;2026;301,4088832;1279,333333;4;0,438814965;38611,26095;37118,04297;37118,04297;47316,33333;76516,33333;884,1111111;46039,49609;884,1111111;-2,698512648;0,026518321;179;8;37118,04297
Pangan;Ketela Pohon;Kepulauan Bangka Belitung;2026;251,5146392;1888,333333;4;0,438814965;44707,12206;33473,99609;33473,99609;302;542,1111111;739,3333333;-758,8676147;739,3333333;-351,2806671;0,017838231;263;15;33473,99609
Pangan;Ketela Pohon;Kepulauan Riau;2026;331,9769589;474;4;0,438814965;16796,44556;16698,69922;16698,69922;790,6666667;2104,111111;562,6666667;1003,700684;562,6666667;26,94359405;0,013633312;343;22;16698,69922
Pangan;Ketela Pohon;Lampung;2026;302,4545076;251242,3333;3;0,438814965;7388910,639;7816046;7816046;60,66666667;334,5555556;449,5555556;-748,3870239;449,5555556;-1333,604984;0,010907786;405;29;7816046
Pangan;Ketela Pohon;Maluku;2026;247,6013494;2641;4;0,438814965;57310,96904;51208,04688;51208,04688;174;576,4444444;465,2222222;923,0797729;465,2222222;430,5056166;0,011286859;393;2;51208,04688
Pangan;Ketela Pohon;Maluku Utara;2026;259,7536674;1511,333333;4;0,438814965;38897,75925;34892,33203;34892,33203;1659,333333;12013,66667;281,5555556;2445,585449;281,5555556;47,38361486;0,007279142;495;9;34892,33203
Pangan;Ketela Pohon;Nusa Tenggara Barat;2026;250,8137132;1301,666667;4;0,438814965;31556,30939;24573,38281;24573,38281;27;177,4444444;220,3333333;-877,7391357;220,3333333;-3350,885688;0,00537089;571;16;24573,38281
Pangan;Ketela Pohon;Nusa Tenggara Timur;2026;142,4381494;27708,33333;4;0,438814965;392237,0118;381873,3125;381873,3125;6,333333333;134;57,77777778;-171,1169281;57,77777778;-2801,846233;0,001422726;938;23;381873,3125
Pangan;Ketela Pohon;Papua;2026;145,3068293;232,3333333;4;0,438814965;9036,01802;3225,285156;3225,285156;0;0;0;-448,2593994;0;0;0,000156684;1302;25;3225,285156
Pangan;Ketela Pohon;Papua Barat;2026;184,6343771;250;4;0,438814965;10000,38426;9402,272461;9402,272461;250457;380360,8889;1204,111111;203370,5938;1204,111111;-18,80019574;0,082332428;61;3;9402,272461
Pangan;Ketela Pohon;Riau;2026;279,0304762;2037;4;0,438814965;50738,46606;44700,30469;44700,30469;56837,66667;76840,55556;1688,555556;46265,12109;1688,555556;-18,6013012;0,043276282;102;10;44700,30469
Pangan;Ketela Pohon;Sulawesi Barat;2026;243,5711411;921,3333333;4;0,438814965;23180,62692;18996,06055;18996,06055;9750,333333;21846,55556;1126,777778;10637,69727;1126,777778;9,100857396;0,027416797;173;17;18996,06055
Pangan;Ketela Pohon;Sulawesi Selatan;2026;318,6157689;10232,33333;4;0,438814965;375644,1486;363067,0313;363067,0313;12;62,88888889;192,8888889;-1013,234009;192,8888889;-8543,61674;0,00470449;606;24;363067,0313
Pangan;Ketela Pohon;Sulawesi Tengah;2026;239,0910112;972,3333333;4;0,438814965;21914,9477;20150,85742;20150,85742;0;0;0;-448,2593994;0;0;0,000156684;1302;26;20150,85742
Pangan;Ketela Pohon;Sulawesi Tenggara;2026;253,7880169;4124,333333;4;0,438814965;104178,2684;94953,64844;94953,64844;5292;6131,888889;1287,222222;7617,022461;1287,222222;43,93466479;0,030788007;147;4;94953,64844
Pangan;Ketela Pohon;Sulawesi Utara;2026;185,7440471;1681;4;0,438814965;44785,64577;28386,29883;28386,29883;3,333333333;18;360,6666667;-875,0471802;360,6666667;-26351,41541;0,008765796;446;11;28386,29883
Pangan;Ketela Pohon;Sumatera Barat;2026;367,8709265;2877,666667;4;0,438814965;113872,6886;134361,9063;134361,9063;0;0;0;-448,2593994;0;0;0,000156684;1302;17;134361,9063
Pangan;Ketela Pohon;Sumatera Selatan;2026;370,865738;4512,333333;4;0,438814965;166498,7015;146403,8281;146403,8281;0;0;0;-448,2593994;0;0;0,000156684;1302;17;146403,8281
Pangan;Ketela Pohon;Sumatera Utara;2026;401,8229352;28797;4;0,438814965;1228974,633;1134846;1134846;0;0;0;-448,2593994;0;0;0,000156684;1302;17;1134846
Pangan;Padi;Aceh;2026;55,79076988;279555,2479;3;0,328661521;1540744,281;1639428,5;1639428,5;4101,333333;3351,111111;1956;4509,740723;1956;9,95791749;0,046118733;95;6;1639428,5
Pangan;Padi;Bali;2026;61,41523777;102920,7622;3;0,328661521;631432,405;671243,5625;671243,5625;1647,666667;2205,777778;1182,444444;2094,530029;1182,444444;27,12098094;0,02829734;165;13;671243,5625
Pangan;Padi;Banten;2026;52,46521915;318570,4433;3;0,328661521;1678646,702;1848963;1848963;310,3333333;882,7777778;629,6666667;-350,2832642;629,6666667;-212,8732323;0,015226457;313;20;1848963
Pangan;Padi;Bengkulu;2026;50,01971305;55102,04667;3;0,328661521;269079,8483;276217,2188;276217,2188;11,33333333;217,3333333;134,3333333;-1087,651978;134,3333333;-9696,929214;0,003281563;710;27;276217,2188
Pangan;Padi;Daerah Istimewa Yogyakarta;2026;49,43048923;103298,0069;3;0,328661521;555209,2236;548873,6875;548873,6875;0;1,333333333;0;-518,7606201;0;0;0,000153378;1315;32;548873,6875
Pangan;Padi;Daerah Khusus Ibukota Jakarta;2026;49,97407463;438,2587535;3;0,328661521;2166,919832;605,1937866;605,1937866;4597,666667;72847,11111;135;15127,89941;135;229,03428;0,015011221;318;7;605,1937866
Pangan;Padi;Gorontalo;2026;50,9572149;50153,05317;3;0,328661521;386573,4248;269762,7188;269762,7188;1966,666667;8207,777778;427;2132,057617;427;8,409709349;0,010507955;408;14;269762,7188
Pangan;Padi;Jambi;2026;45,47445578;67745,16243;3;0,328661521;306725,7961;342263,8125;342263,8125;26,66666667;203,2222222;366,1111111;-787,4728394;366,1111111;-3053,023148;0,008897553;440;21;342263,8125
Pangan;Padi;Jawa Barat;2026;58,14977704;1604772,777;2;0,328661521;9290229,033;10132658;10132658;22,33333333;79,33333333;249,4444444;-1019,753906;249,4444444;-4666,062267;0,006076316;547;28;10132658
Pangan;Padi;Jawa Tengah;2026;56,01053001;1624177,494;2;0,328661521;9243865,288;9655463;9655463;52185,66667;159546,2222;593;59933,31641;593;14,84631746;0,035200759;127;1;9655463
Pangan;Padi;Jawa Timur;2026;57,06878747;1718804,885;2;0,328661521;9946680,154;10043218;10043218;10264;37399,55556;376,3333333;8678,826172;376,3333333;-15,44401625;0,011872012;380;8;10043218
Pangan;Padi;Kalimantan Barat;2026;30,31492302;244942,7367;1;0,328661521;757204,7635;744793,1875;744793,1875;495;6080,222222;265,5555556;1538,47229;265,5555556;210,8024828;0,006588914;527;15;744793,1875
Pangan;Padi;Kalimantan Selatan;2026;41,1042245;250242,8957;3;0,328661521;1204121,182;1152373,875;1152373,875;0;0;0;-448,2593994;0;0;0,000156684;1302;22;1152373,875
Pangan;Padi;Kalimantan Tengah;2026;33,28846583;103249,3057;1;0,328661521;341912,2921;346097,6563;346097,6563;0;0;0;-448,2593994;0;0;0,000156684;1302;22;346097,6563
Pangan;Padi;Kalimantan Timur;2026;40,02767118;62213,89002;3;0,328661521;263037,1157;258724,4531;258724,4531;101468;213233;659,2222222;97400,27344;659,2222222;-4,008876259;0,045976813;96;2;258724,4531
Pangan;Padi;Kalimantan Utara;2026;36,62919627;8330,526653;3;0,328661521;35653,54669;31378,79102;31378,79102;16909,66667;37627,77778;1006,777778;15938,42969;1006,777778;-5,743679035;0,025429126;186;9;31378,79102
Pangan;Padi;Kepulauan Bangka Belitung;2026;41,84701147;16591,21904;3;0,328661521;69729,79972;65052,50391;65052,50391;4471,666667;9474,777778;724,6666667;5379,907227;724,6666667;20,31100768;0,017619522;266;16;65052,50391
Pangan;Padi;Kepulauan Riau;2026;28,96154893;148,2224145;1;0,328661521;755,0023785;-658,2310181;658,2310181;1877,666667;12922;533,5555556;1948,857422;533,5555556;3,791447996;0,013201373;349;23;658,2310181
Pangan;Padi;Lampung;2026;53,0316584;552613,4261;3;0,328661521;3231634,386;2934828,75;2934828,75;1505;7726,444444;420,2222222;1149,437622;420,2222222;-23,62540717;0,010329712;415;30;2934828,75
Pangan;Padi;Maluku;2026;38,68622552;23635,57333;3;0,328661521;107822,1485;86766,07031;86766,07031;264;1159,777778;357,6666667;10,87589359;357,6666667;-95,88034334;0,008698785;449;3;86766,07031
Pangan;Padi;Maluku Utara;2026;33,98420984;7910,29;1;0,328661521;26820,74736;30927,35547;30927,35547;2;14,55555556;289,2222222;-1019,753906;289,2222222;-51087,69531;0,007039385;504;10;30927,35547
Pangan;Padi;Nusa Tenggara Barat;2026;52,67283025;297375,236;3;0,328661521;1571708,588;1633780,125;1633780,125;205,6666667;1430,111111;208,7777778;640,8621216;208,7777778;211,6023282;0,005101901;582;17;1633780,125
Pangan;Padi;Nusa Tenggara Timur;2026;43,0406943;188505,2514;3;0,328661521;1041658,085;940892,5;940892,5;2,666666667;11;19,77777778;-1210,423584;19,77777778;-45490,8844;0,000498672;1127;24;940892,5
Pangan;Padi;Papua;2026;43,62867019;780,4066313;3;0,328661521;2306,736294;-835,1265259;835,1265259;0;0;0;-448,2593994;0;0;0,000156684;1302;25;835,1265259
Pangan;Padi;Papua Barat;2026;45,2480556;4263,490348;3;0,328661521;17119,12384;20887,98828;20887,98828;170700,3333;305671,3333;1090,444444;168561,25;1090,444444;-1,253121943;0,067236831;70;4;20887,98828
Pangan;Padi;Riau;2026;39,34469153;55946,06445;3;0,328661521;235098,9904;222130,5938;222130,5938;31715,66667;38072,11111;1762;29007,15234;1762;-8,539988616;0,042623961;105;11;222130,5938
Pangan;Padi;Sulawesi Barat;2026;50,76860375;65295,37844;3;0,328661521;312760,987;336306,2188;336306,2188;7088;11825,55556;984,8888889;6673,967773;984,8888889;-5,841312452;0,023812604;201;18;336306,2188
Pangan;Padi;Sulawesi Selatan;2026;51,17164101;986933,1639;3;0,328661521;5639353,567;5598226;5598226;1608;969,8888889;76,77777778;-1513,267456;76,77777778;-194,1086726;0,001891185;875;25;5598226
Pangan;Padi;Sulawesi Tengah;2026;45,58885104;182864,9618;3;0,328661521;951530,0751;985438;985438;0;0;0;-448,2593994;0;0;0,000156684;1302;26;985438
Pangan;Padi;Sulawesi Tenggara;2026;43,22745042;131913,5946;3;0,328661521;623717,0306;649963,1875;649963,1875;14832;29981,55556;1118,666667;21514,44922;1118,666667;45,05426927;0,027583414;172;5;649963,1875
Pangan;Padi;Sulawesi Utara;2026;44,7011512;57865,68182;3;0,328661521;265254,1211;252123,6875;252123,6875;22;114,8888889;249,4444444;-1019,753906;249,4444444;-4735,245028;0,006076368;546;12;252123,6875
Pangan;Padi;Sumatera Barat;2026;47,9782804;293306,4459;3;0,328661521;1401435,15;1423459,375;1423459,375;0;0;0;-448,2593994;0;0;0,000156684;1302;17;1423459,375
Pangan;Padi;Sumatera Selatan;2026;56,34106688;553850,2922;3;0,328661521;3391137,357;2900741,75;2900741,75;0;0;0;-448,2593994;0;0;0,000156684;1302;17;2900741,75
Pangan;Padi;Sumatera Utara;2026;51,80551904;453527,39;3;0,328661521;2669284,33;2737231,75;2737231,75;0;0;0;-448,2593994;0;0;0,000156684;1302;17;2737231,75
Perkebunan;Kelapa Sawit;Aceh;2026;5954;477039,2222;4;0,369209793;1105057,438;1043774,313;1043774,313;51147,66667;38367,66667;1552,222222;50462,10156;1552,222222;-1,340364378;0,038029787;119;9;1043774,313
Perkebunan;Kelapa Sawit;Bali;2026;0;0;2;0,369209793;0;-51,19233322;51,19233322;4986,666667;8205,666667;857,6666667;4166,80127;857,6666667;-16,44115101;0,0207382;232;28;51,19233322
Perkebunan;Kelapa Sawit;Banten;2026;3617,222222;18438,55556;4;0,369209793;32484,98318;34456,42188;34456,42188;872505,6667;259333,7778;5726,444444;864750,625;5726,444444;-0,888824218;0,151817004;32;13;34456,42188
Perkebunan;Kelapa Sawit;Bengkulu;2026;6625,333333;423187,4444;4;0,369209793;1325785,848;1378718,75;1378718,75;0;0;0;-51,19233322;0;0;0,000175309;1293;29;1378718,75
Perkebunan;Kelapa Sawit;Daerah Istimewa Yogyakarta;2026;0;0;2;0,369209793;0;-51,19233322;51,19233322;13,66666667;60,88888889;529,1111111;-367,1903992;529,1111111;-2786,759018;0,012817666;358;17;51,19233322
Perkebunan;Kelapa Sawit;Daerah Khusus Ibukota Jakarta;2026;0;0;2;0,369209793;0;-51,19233322;51,19233322;527,3333333;570,2222222;1270,666667;-795,5888672;1270,666667;-250,8702024;0,030342606;152;2;51,19233322
Perkebunan;Kelapa Sawit;Gorontalo;2026;3780,555556;12793,88889;4;0,369209793;37399,77707;33679,14063;33679,14063;0;199,1111111;10,66666667;-49,67700577;10,66666667;0;0,000316964;1218;21;33679,14063
Perkebunan;Kelapa Sawit;Jambi;2026;6000,333333;967377,2222;4;0,369209793;2389104,739;2109378,5;2109378,5;54872;89565,44444;737,2222222;53446,11719;737,2222222;-2,598561766;0,025619595;184;6;2109378,5
Perkebunan;Kelapa Sawit;Jawa Barat;2026;4541,111111;15544,33333;4;0,369209793;44798,95475;49596,13281;49596,13281;222,6666667;2110,777778;484,1111111;1003,700684;484,1111111;350,7637801;0,011750068;385;25;49596,13281
Perkebunan;Kelapa Sawit;Jawa Tengah;2026;0;0;2;0,369209793;0;443,5321655;443,5321655;120,6666667;345,2222222;621,1111111;-748,3870239;621,1111111;-720,2102408;0,015019769;317;10;443,5321655
Perkebunan;Kelapa Sawit;Jawa Timur;2026;0;0;2;0,369209793;0;1374,417725;1374,417725;0;0;0;-448,2593994;0;0;0,000156684;1302;29;1374,417725
Perkebunan;Kelapa Sawit;Kalimantan Barat;2026;5301,555556;2160540,778;1;0,369209793;5089318,975;5128030,5;5128030,5;634,6666667;2348,777778;0,394444444;390,5173035;0,394444444;-38,46891227;0,000513262;1117;14;5128030,5
Perkebunan;Kelapa Sawit;Kalimantan Selatan;2026;5671;479983,6667;4;0,369209793;1313572,317;1273714,75;1273714,75;2,333333333;43,88888889;0,097777778;-1446,784302;0,097777778;-62105,0415;0,000110261;1326;26;1273714,75
Perkebunan;Kelapa Sawit;Kalimantan Tengah;2026;5993,555556;2164240,889;1;0,369209793;8055324,971;7995863,5;7995863,5;0,333333333;8;74,22222222;-89,60054016;74,22222222;-26980,16205;0,001821967;888;18;7995863,5
Perkebunan;Kelapa Sawit;Kalimantan Timur;2026;5873,888889;1455596;1;0,369209793;3972233,76;3997161,75;3997161,75;4533;3669,888889;1741;5010,78418;1741;10,54013191;0,041228081;109;3;3997161,75
Perkebunan;Kelapa Sawit;Kalimantan Utara;2026;4250,111111;236025,1111;4;0,369209793;626203,422;668408,125;668408,125;0;0;0;-448,2593994;0;0;0,000156684;1302;21;668408,125
Perkebunan;Kelapa Sawit;Kepulauan Bangka Belitung;2026;5726,444444;259333,7778;4;0,369209793;873674,4609;864750,625;864750,625;17831,66667;2779;5382,555556;19534,86719;5382,555556;9,551549794;0,118607422;40;7;864750,625
Perkebunan;Kelapa Sawit;Kepulauan Riau;2026;4370,666667;7487,111111;4;0,369209793;23394,68607;27110,87305;27110,87305;0;0;0;-514,9988403;0;0;0,000153554;1312;13;27110,87305
Perkebunan;Kelapa Sawit;Lampung;2026;4719,222222;194871,3333;4;0,369209793;489862,796;402666,8438;402666,8438;0;0;0;-448,2593994;0;0;0,000156684;1302;9;402666,8438
Perkebunan;Kelapa Sawit;Maluku;2026;2630,111111;10172,33333;4;0,369209793;21799,78283;24639,00195;24639,00195;0;0;0;-448,2593994;0;0;0,000156684;1302;9;24639,00195
Perkebunan;Kelapa Sawit;Maluku Utara;2026;3927,555556;5555;4;0,369209793;24687,97746;24875,41602;24875,41602;746;1398,777778;522,888889;364,2397766;522,888889;-51,17429268;0,012674752;363;15;24875,41602
Perkebunan;Kelapa Sawit;Nusa Tenggara Barat;2026;0;0;2;0,369209793;0;-51,19233322;51,19233322;0;0;0;-514,9988403;0;0;0,000153554;1312;16;51,19233322
Perkebunan;Kelapa Sawit;Nusa Tenggara Timur;2026;0;0;2;0,369209793;0;-51,19233322;51,19233322;46745;10091,45667;54,54570548;51274,29688;54,54570548;9,689371858;0,004261514;632;19;51,19233322
Perkebunan;Kelapa Sawit;Papua;2026;6981,777778;96068,55556;4;0,369209793;531153,354;467857,6563;467857,6563;10506;8551,333333;12,66742733;10484,32129;12,66742733;-0,206346002;0,001947632;867;4;467857,6563
Perkebunan;Kelapa Sawit;Papua Barat;2026;1993,444444;63889,66667;4;0,369209793;80636,627;65238,78125;65238,78125;325;365;9,074547152;-279,9416809;9,074547152;-186,1359018;0,000286453;1244;23;65238,78125
Perkebunan;Kelapa Sawit;Riau;2026;7520,555556;3328914,111;1;0,369209793;9162773,706;9011981;9011981;4954;4381,333333;13,84876801;8264,016602;13,84876801;66,81503031;0,001129791;995;8;9011981
Perkebunan;Kelapa Sawit;Sulawesi Barat;2026;4988,555556;146991,3333;4;0,369209793;384785,725;385998,75;385998,75;39;47;11,52352941;-391,816803;11,52352941;-1104,658469;0,000323967;1212;27;385998,75
Perkebunan;Kelapa Sawit;Sulawesi Selatan;2026;6560;56064,55556;4;0,369209793;184579,6105;128992,6016;128992,6016;102;2225,666667;16,79206897;2388,55127;16,79206897;2241,716931;0,000673651;1072;12;128992,6016
Perkebunan;Kelapa Sawit;Sulawesi Tengah;2026;4920,222222;141506,8889;4;0,369209793;409003,1936;397346,7188;397346,7188;0;44;9,813333333;-716,862915;9,813333333;0;0,00028014;1248;31;397346,7188
Perkebunan;Kelapa Sawit;Sulawesi Tenggara;2026;3164,222222;67454,22222;4;0,369209793;71115,8003;77532,55469;77532,55469;48014;1713,666667;300,4125621;40121,23047;300,4125621;-16,4384753;0,007985495;468;16;77532,55469
Perkebunan;Kelapa Sawit;Sulawesi Utara;2026;0;0;2;0,369209793;0;-51,19233322;51,19233322;10438360,58;1718804,885;57,06878747;10043218;57,06878747;-3,785485057;0,66976197;3;1;51,19233322
Perkebunan;Kelapa Sawit;Sumatera Barat;2026;7253,111111;442235,8889;4;0,369209793;1386692,193;1393053;1393053;386084,41;65295,37844;50,76860375;336306,2188;50,76860375;-12,89308503;0,028404269;163;20;1393053
Perkebunan;Kelapa Sawit;Sumatera Selatan;2026;6773,333333;1248827,556;1;0,369209793;4117794,743;4046114,25;4046114,25;94824;4816,333333;186,3077332;90337,0625;186,3077332;-4,731858496;0,007995862;467;5;4046114,25
Perkebunan;Kelapa Sawit;Sumatera Utara;2026;8583,777778;1353866,667;1;0,369209793;5060158,315;5054050;5054050;3369;256;150,5473134;1354,678101;150,5473134;-59,789905;0,003686091;673;24;5054050
Perkebunan;Panili;Aceh;2026;0;0;3;0,337091575;0;-448,2593994;448,2593994;76373;89123,62778;1074,423333;71842,0625;1074,423333;-5,932643081;0,031909446;140;15;448,2593994
Perkebunan;Panili;Bali;2026;43;296,8888889;3;0,337091575;2,659482419;-461,3259277;461,3259277;0;0;0;-448,2593994;0;0;0,000156684;1302;34;461,3259277
Perkebunan;Panili;Banten;2026;49,55555556;97,11111111;3;0,337091575;1,851264503;-177,3599396;177,3599396;41499,33333;15544,33333;4541,111111;49596,13281;4541,111111;19,51067362;0,102130978;44;19;177,3599396
Perkebunan;Panili;Bengkulu;2026;74,22222222;8;3;0,337091575;0,634048889;-89,60054016;89,60054016;531,6666667;831;1197,444444;-372,8976135;1197,444444;-170,1374822;0,028636545;161;4;89,60054016
Perkebunan;Panili;Daerah Istimewa Yogyakarta;2026;358,2222222;22;3;0,337091575;3,097111111;-875,0471802;875,0471802;2,666666667;17,11111111;313,7777778;-875,0471802;313,7777778;-32914,26926;0,007633379;482;23;875,0471802
Perkebunan;Panili;Daerah Khusus Ibukota Jakarta;2026;0;0;3;0,337091575;0;-448,2593994;448,2593994;15367,33333;35904,55556;770,8888889;15351,37305;770,8888889;-0,10385853;0,020023908;240;8;448,2593994
Perkebunan;Panili;Gorontalo;2026;0;47,11111111;3;0,337091575;0,134033333;-452,0211792;452,0211792;0;0;0;-448,2593994;0;0;0,000156684;1302;23;452,0211792
Perkebunan;Panili;Jambi;2026;0;0;3;0,337091575;0;-448,2593994;448,2593994;10327;22306,11111;771,8888889;9024,109375;771,8888889;-12,61635155;0,019201414;247;12;448,2593994
Perkebunan;Panili;Jawa Barat;2026;313;944,3333333;3;0,337091575;160,2871733;-207,7190704;207,7190704;126;1348,777778;218,4444444;-84,90416718;218,4444444;-167,3842597;0,005333809;573;31;207,7190704
Perkebunan;Panili;Jawa Tengah;2026;214,5555556;246,5555556;3;0,337091575;23,86181889;-1321,099854;1321,099854;5,333333333;21,11111111;570,1111111;-835,9613647;570,1111111;-15774,27559;0,013799346;340;16;1321,099854
Perkebunan;Panili;Jawa Timur;2026;1032,333333;288,1111111;1;0,337091575;212,8558081;2067,137695;2067,137695;6711,666667;78001,11111;0,323333333;11237,61719;0,323333333;67,43407779;0,015660114;303;1;2067,137695
Perkebunan;Panili;Kalimantan Barat;2026;0;0;3;0,337091575;0;-448,2593994;448,2593994;0;0;0;-448,2593994;0;0;0,000156684;1302;20;448,2593994
Perkebunan;Panili;Kalimantan Selatan;2026;0;0;3;0,337091575;0;-448,2593994;448,2593994;32,33333333;132,5555556;450,5555556;-835,9613647;450,5555556;-2685,44752;0,010931286;403;5;448,2593994
Perkebunan;Panili;Kalimantan Tengah;2026;0;0;3;0,337091575;0;-448,2593994;448,2593994;0;37;0;-452,0211792;0;0;0,000156685;1301;24;448,2593994
Perkebunan;Panili;Kalimantan Timur;2026;724,8888889;6,666666667;1;0,337091575;3,090555556;-949,7128296;949,7128296;13227;36442,77778;666,1111111;13066,24414;666,1111111;-1,215361453;0,017749001;264;9;949,7128296
Perkebunan;Panili;Kalimantan Utara;2026;9,444444444;13;3;0,337091575;2,351955556;-119,4075623;119,4075623;0;0;0;-448,2593994;0;0;0,000156684;1302;21;119,4075623
Perkebunan;Panili;Kepulauan Bangka Belitung;2026;0;0;3;0,337091575;0;-448,2593994;448,2593994;0;0;0;-514,9988403;0;0;0,000153554;1312;13;448,2593994
Perkebunan;Panili;Kepulauan Riau;2026;0;0;3;0,337091575;0;-448,2593994;448,2593994;0;0;0;-514,9988403;0;0;0,000153554;1312;13;448,2593994
Perkebunan;Panili;Lampung;2026;450,5555556;132,5555556;3;0,337091575;34,18284679;-835,9613647;835,9613647;0;0;0;-448,2593994;0;0;0,000156684;1302;9;835,9613647
Perkebunan;Panili;Maluku;2026;295,5555556;140,1111111;3;0,337091575;2,180837778;-932,1795654;932,1795654;143825,6667;128881,7778;1232,777778;154478,1563;1232,777778;7,406528911;0,04071752;112;2;932,1795654
Perkebunan;Panili;Maluku Utara;2026;0;37;3;0,337091575;7,77778E-05;-452,0211792;452,0211792;0;0;0;-514,9988403;0;0;0,000153554;1312;16;452,0211792
Perkebunan;Panili;Nusa Tenggara Barat;2026;326,7777778;297,8888889;3;0,337091575;43,18178778;-787,4728394;787,4728394;1175152;175292,6667;69,68935259;1224617,125;69,68935259;4,209253356;0,089268978;53;6;787,4728394
Perkebunan;Panili;Nusa Tenggara Timur;2026;376;3200,666667;4;0,337091575;601,5457889;473,6359253;473,6359253;10292;1631,543333;50,6582943;8644,708984;50,6582943;-16,00554815;0,001500939;930;25;473,6359253
Perkebunan;Panili;Papua;2026;139,7777778;204,6666667;3;0,337091575;20,46827889;-1116,115967;1116,115967;3;8,666666667;11,1;240,2785797;11,1;7909,28599;0,000330842;1207;10;1116,115967
Perkebunan;Panili;Papua Barat;2026;0;0,222222222;3;0,337091575;0,047812222;-452,0211792;452,0211792;143;217;7,522386831;-466,0048218;7,522386831;-425,8774977;0,000245206;1269;29;452,0211792
Perkebunan;Panili;Riau;2026;0;0;3;0,337091575;0;-448,2593994;448,2593994;1376;1075,333333;14,8795782;608,5247803;14,8795782;-55,77581539;0,000476255;1132;14;448,2593994
Perkebunan;Panili;Sulawesi Barat;2026;142,4444444;509,5555556;3;0,337091575;21,94864556;-1012,845398;1012,845398;308;144;8,302217195;-627,144165;8,302217195;-303,6182354;0,000253639;1260;33;1012,845398
Perkebunan;Panili;Sulawesi Selatan;2026;162,8888889;1072,555556;3;0,337091575;69,87401111;-593,7462158;593,7462158;6;393;17,52;-216,589859;17,52;-3709,830983;0,000466932;1139;18;593,7462158
Perkebunan;Panili;Sulawesi Tengah;2026;229,1111111;748,1111111;3;0,337091575;64,67285556;-620,7163086;620,7163086;1394253;62534;235,1453694;1271815,875;235,1453694;-8,781557221;0,091623005;52;3;620,7163086
Perkebunan;Panili;Sulawesi Tenggara;2026;132;463,4444444;3;0,337091575;39,20622667;-485,8204651;485,8204651;54788;2641;247,6013494;51208,04688;247,6013494;-6,534192022;0,007142385;503;22;485,8204651
Perkebunan;Panili;Sulawesi Utara;2026;294,7777778;1260,222222;3;0,337091575;80,23347111;6,226778984;6,226778984;2752655,35;453527,39;51,80551904;2737231,75;51,80551904;-0,56031715;0,206588741;18;7;6,226778984
Perkebunan;Panili;Sumatera Barat;2026;28,77777778;14,11111111;3;0,337091575;0,004266667;-748,7227173;748,7227173;232071,27;55946,06445;39,34469153;222130,5938;39,34469153;-4,283458375;0,019425409;246;26;748,7227173
Perkebunan;Panili;Sumatera Selatan;2026;620,5555556;23,11111111;1;0,337091575;12,22775556;-1151,912231;1151,912231;17731;1068,333333;186,8515215;14468,87793;186,8515215;-18,39784598;0,004728928;605;11;1151,912231
Perkebunan;Panili;Sumatera Utara;2026;1023,111111;259,4444444;1;0,337091575;231,5918957;723,8894653;723,8894653;22882;4527,333333;67,10591997;32208,54883;67,10591997;40,75932536;0,002777176;760;30;723,8894653
Perkebunan;Tembakau;Aceh;2026;1005,666667;2716,777778;1;0,486837436;2365,435949;2453,878418;2453,878418;66470,8;69738,05333;1060,042222;65314,54297;1060,042222;-1,739496187;0,029516534;157;19;2453,878418
Perkebunan;Tembakau;Bali;2026;825,2222223;304,4444443;1;0,486837436;256,3296838;-862,1384888;862,1384888;5059359,333;1353866,667;8583,777778;5054050;8583,777778;-0,104940823;0,476890901;7;4;862,1384888
Perkebunan;Tembakau;Banten;2026;0;0;4;0,486837436;0;-514,9988403;514,9988403;32433,33333;18438,55556;3617,222222;34456,42188;3617,222222;6,237683068;0,082890132;60;23;514,9988403
Perkebunan;Tembakau;Bengkulu;2026;0;0;4;0,486837436;0;-514,9988403;514,9988403;27395,66667;80095,44444;582,3333333;28051,14063;582,3333333;2,392619119;0,021485775;224;8;514,9988403
Perkebunan;Tembakau;Daerah Istimewa Yogyakarta;2026;1224,222222;481,6666667;1;0,486837436;612,8366131;-526,6498413;526,6498413;1;29;64,55555556;-89,60054016;64,55555556;-9060,054016;0,001587288;917;27;526,6498413
Perkebunan;Tembakau;Daerah Khusus Ibukota Jakarta;2026;0;0;4;0,486837436;0;-514,9988403;514,9988403;2296,666667;7174,222222;715,7777778;2814,00415;715,7777778;22,52557984;0,017355339;269;12;514,9988403
Perkebunan;Tembakau;Gorontalo;2026;0;0;4;0,486837436;0;-514,9988403;514,9988403;0;0;0;-448,2593994;0;0;0,000156684;1302;23;514,9988403
Perkebunan;Tembakau;Jambi;2026;618,4444443;394,888889;1;0,486837436;187,9515039;-645,1161499;645,1161499;3645;7267,444444;679,1111111;3174,865234;679,1111111;-12,89807313;0,016487857;288;16;645,1161499
Perkebunan;Tembakau;Jawa Barat;2026;944,5555557;9023;1;0,486837436;8374,810083;10260,8418;10260,8418;261,3333333;327;1176,555556;837,6602173;1176,555556;220,5332464;0,028147078;169;1;10260,8418
Perkebunan;Tembakau;Jawa Tengah;2026;1180,555556;51833,55556;3;0,486837436;58527,86817;56365,8125;56365,8125;1372;4156;486,8888889;1585,170898;486,8888889;15,5372375;0,011842578;381;20;56365,8125
Perkebunan;Tembakau;Jawa Timur;2026;1232,777778;128881,7778;2;0,486837436;157144,7386;154478,1563;154478,1563;5487;23517;0,502222222;5422,29541;0,502222222;-1,179234369;0,004759826;602;5;154478,1563
Perkebunan;Tembakau;Kalimantan Barat;2026;0;0;4;0,486837436;0;-514,9988403;514,9988403;0;0;0;-448,2593994;0;0;0,000156684;1302;20;514,9988403
Perkebunan;Tembakau;Kalimantan Selatan;2026;0;0;4;0,486837436;0;-514,9988403;514,9988403;146,3333333;944,3333333;313;-207,7190704;313;-241,9492509;0,007618618;484;9;514,9988403
Perkebunan;Tembakau;Kalimantan Tengah;2026;0;0;4;0,486837436;0;-514,9988403;514,9988403;0;0;0;-448,2593994;0;0;0,000156684;1302;25;514,9988403
Perkebunan;Tembakau;Kalimantan Timur;2026;0;0;4;0,486837436;0;-514,9988403;514,9988403;544,6666667;1187,222222;639,3333333;49,96173477;639,3333333;-90,82709888;0,015459141;307;13;514,9988403
Perkebunan;Tembakau;Kalimantan Utara;2026;0;0;4;0,486837436;0;-514,9988403;514,9988403;0;0;0;-448,2593994;0;0;0,000156684;1302;21;514,9988403
Perkebunan;Tembakau;Kepulauan Bangka Belitung;2026;0;0;4;0,486837436;0;-514,9988403;514,9988403;0;0;0;-514,9988403;0;0;0,000153554;1312;13;514,9988403
Perkebunan;Tembakau;Kepulauan Riau;2026;0;0;4;0,486837436;0;-514,9988403;514,9988403;13780,33333;8370,222222;1,601468841;13355,03613;1,601468841;-3,086262068;0,001993939;861;2;514,9988403
Perkebunan;Tembakau;Lampung;2026;781,111111;592,3333333;1;0,486837436;694,7892956;-758,8676147;758,8676147;0;0;0;-448,2593994;0;0;0,000156684;1302;9;758,8676147
Perkebunan;Tembakau;Maluku;2026;0;0;4;0,486837436;0;-514,9988403;514,9988403;2328,333333;2716,777778;1005,666667;2453,878418;1005,666667;5,392058052;0,024155772;198;6;514,9988403
Perkebunan;Tembakau;Maluku Utara;2026;0;0;4;0,486837436;0;-514,9988403;514,9988403;0;0;0;-514,9988403;0;0;0,000153554;1312;16;514,9988403
Perkebunan;Tembakau;Nusa Tenggara Barat;2026;1726,777778;41345,66667;3;0,486837436;60317,53577;64992,02344;64992,02344;305335;108281,3633;26,46213854;319964,0313;26,46213854;4,791141287;0,030720376;148;10;64992,02344
Perkebunan;Tembakau;Nusa Tenggara Timur;2026;522,888889;1398,777778;1;0,486837436;794,2079278;364,2397766;364,2397766;6931;2408,04;30,91593678;7802,28125;30,91593678;12,57078704;0,001107045;998;29;364,2397766
Perkebunan;Tembakau;Papua;2026;0;0;4;0,486837436;0;-514,9988403;514,9988403;54;56;10,21666667;-22,49968719;10,21666667;-141,6660874;0,000306291;1225;14;514,9988403
Perkebunan;Tembakau;Papua Barat;2026;0;0;4;0,486837436;0;-514,9988403;514,9988403;0;0;0;-358,8416748;0;0;0,000160878;1297;32;514,9988403
Perkebunan;Tembakau;Riau;2026;0;0;4;0,486837436;0;-514,9988403;514,9988403;1282;1061,333333;14,03679026;524,6636963;14,03679026;-59,07459467;0,000456921;1144;18;514,9988403
Perkebunan;Tembakau;Sulawesi Barat;2026;0;0;4;0,486837436;0;-514,9988403;514,9988403;2102;12414,66667;15,54549083;48674,10156;15,54549083;2215,609018;0,003531149;684;3;514,9988403
Perkebunan;Tembakau;Sulawesi Selatan;2026;821,4444443;2625,333333;1;0,486837436;2132,261354;2128,4104;2128,4104;31;23,66666667;15,98859649;-323,622467;15,98859649;-1143,943442;0,000423571;1159;22;2128,4104
Perkebunan;Tembakau;Sulawesi Tengah;2026;649,2222223;99;1;0,486837436;57,20192212;-835,9613647;835,9613647;388053;27708,33333;142,4381494;381873,3125;142,4381494;-1,592485434;0,027360769;174;7;835,9613647
Perkebunan;Tembakau;Sulawesi Tenggara;2026;0;0;4;0,486837436;0;-514,9988403;514,9988403;31865;1301,666667;250,8137132;24573,38281;250,8137132;-22,8828407;0,006465089;531;26;514,9988403
Perkebunan;Tembakau;Sulawesi Utara;2026;0;0;4;0,486837436;0;-514,9988403;514,9988403;1382696,68;293306,4459;47,9782804;1423459,375;47,9782804;2,948057632;0,112767865;43;11;514,9988403
Perkebunan;Tembakau;Sumatera Barat;2026;777,5555557;271,3333333;1;0,486837436;165,3893601;-2300,541016;2300,541016;22641,62;7910,29;33,98420984;30927,35547;33,98420984;36,59515295;0,002682071;770;30;2300,541016
Perkebunan;Tembakau;Sumatera Selatan;2026;686,888889;59,44444433;1;0,486837436;41,70407349;-1038,161133;1038,161133;2622;143,3333333;181,1684127;1064,704102;181,1684127;-59,39343625;0,004426347;624;15;1038,161133
Perkebunan;Tembakau;Sumatera Utara;2026;1007,222222;1897,333333;1;0,486837436;1900,510546;2766,05835;2766,05835;0;0;0;-358,8416748;0;0;0,000160878;1297;34;2766,05835
